order_id,customer_id,order_date,category,product,unit_price,quantity,payment_method
5285,1046,2026-08-25,beauty,Hand Cream,"₩12,000",1.0,Card
5171,1043,2026-08-04, Electronics ,Wireless Earbuds,"₩59,000",4.0,Card
5151,1045,2026-04-09, Electronics ,Wireless Earbuds,"₩59,000",2.0,Bank Transfer
5105,1019,2026-04-30,Fashion,Running Shoes,"₩89,000",3.0,KakaoPay
5038,1016,2026-07-08,Fashion,Running Shoes,"₩89,000",,KakaoPay
5102,1043,2026-08-22,Home & Kitchen,Rice Cooker,"₩129,000",4.0,KakaoPay
5267,1036,2026-07-31,Fashion,Backpack,"₩49,000",2.0,Bank Transfer
5243,1004,2026-06-11, Electronics ,Wireless Earbuds,"₩59,000",4.0,KakaoPay
5287,1026,2026-05-14, Fashion ,Winter Jacket,"₩159,000",1.0,Bank Transfer
5271,1001,2026-08-14,Home & Kitchen,Air Fryer,"₩99,000",3.0,Bank Transfer
5264,1011,2026-04-23,Electronics,Phone Charger,"₩25,000",3.0,KakaoPay
5074,1016,2026-08-23,electronics,Phone Charger,"₩25,000",1.0,KakaoPay
5282,1005,2026-08-17,Home & Kitchen,Rice Cooker,"₩129,000",4.0,Bank Transfer
5281,1040,2026-03-07,Beauty,Sunscreen,"₩22,000",2.0,KakaoPay
5107,1048,2026-07-21,Electronics,Wireless Earbuds,"₩59,000",3.0,Bank Transfer
5255,1007,2026-04-27,Fashion,Running Shoes,"₩89,000",1.0,Bank Transfer
5092,1035,2026-06-01,Home & Kitchen,Rice Cooker,"₩129,000",4.0,KakaoPay
5172,1017,2026-06-10,electronics,Wireless Earbuds,"₩59,000",2.0,Card
5058,1013,2026-08-10,Fashion,Winter Jacket,"₩159,000",4.0,Bank Transfer
5081,1040,2026-04-15,Home & Kitchen,Water Bottle,"₩18,000",2.0,Card
5277,1013,2026-07-30, Beauty ,Hand Cream,"₩12,000",3.0,
5243,1004,2026-06-11, Electronics ,Wireless Earbuds,"₩59,000",4.0,KakaoPay
5089,1009,2026-06-16,beauty,Hand Cream,"₩12,000",1.0,Card
5126,1047,2026-03-16,Beauty,Sunscreen,"₩22,000",3.0,KakaoPay
5004,1019,2026-05-30,Beauty,Face Serum,"₩45,000",1.0,Bank Transfer
5087,1030,2026-05-25,Beauty,Sunscreen,"₩22,000",2.0,Card
5280,1021,2026-03-27,Fashion,Backpack,"₩49,000",4.0,KakaoPay
5195,1020,2026-03-04,Fashion,Running Shoes,"₩89,000",4.0,Bank Transfer
5162,1002,2026-08-13,Fashion,Running Shoes,"₩89,000",2.0,KakaoPay
5123,1034,2026-04-07,Beauty,Hand Cream,"₩12,000",3.0,KakaoPay
5218,1034,2026-06-18,fashion,Backpack,"₩49,000",2.0,Card
5031,1035,2026-05-29,Beauty,Sunscreen,"₩22,000",2.0,KakaoPay
5061,1045,2026-04-10,Beauty,Hand Cream,"₩12,000",1.0,KakaoPay
5015,1016,2026-03-18,Fashion,Backpack,"₩49,000",4.0,Bank Transfer
5155,1016,2026-06-06,Electronics,Smart Watch,"₩189,000",2.0,KakaoPay
5090,1006,2026-05-22, Fashion ,Running Shoes,"₩89,000",3.0,Card
5226,1046,2026-05-29,Electronics,Phone Charger,"₩25,000",1.0,KakaoPay
5292,1036,2026-07-23,Beauty,Face Serum,"₩45,000",4.0,Bank Transfer
5177,1016,2026-05-16,Home & Kitchen,Water Bottle,"₩18,000",4.0,Bank Transfer
5085,1013,2026-06-04,Home & Kitchen,Rice Cooker,"₩129,000",2.0,Card
5067,1016,2026-04-20,Electronics,Wireless Earbuds,"₩59,000",4.0,Bank Transfer
5003,1040,2026-07-08,Fashion,Backpack,"₩49,000",,Card
5274,1003,2026-07-08,Electronics,Wireless Earbuds,"₩59,000",2.0,KakaoPay
5286,1037,2026-08-06,Home & Kitchen,Rice Cooker,"₩129,000",3.0,Bank Transfer
5066,1030,2026-05-06,Fashion,Running Shoes,"₩89,000",3.0,Bank Transfer
5130,1006,2026-05-16,Beauty,Hand Cream,"₩12,000",2.0,Bank Transfer
5075,1048,2026-04-26,Fashion,Winter Jacket,"₩159,000",,Card
5207,1003,2026-04-23,Electronics,Wireless Earbuds,"₩59,000",3.0,Bank Transfer
5140,1010,2026-07-24,Beauty,Hand Cream,"₩12,000",1.0,Bank Transfer
5180,1009,2026-07-07,Home & Kitchen,Air Fryer,"₩99,000",2.0,Bank Transfer
5174,1043,2026-07-06,Home & Kitchen,Water Bottle,"₩18,000",2.0,KakaoPay
5142,1031,2026-07-26,Electronics,Wireless Earbuds,"₩59,000",,Bank Transfer
5227,1019,2026-03-19,Home & Kitchen,Air Fryer,"₩99,000",1.0,Card
5112,1007,2026-08-13,Fashion,Backpack,"₩49,000",4.0,KakaoPay
5164,1036,2026-06-15,Home & Kitchen,Rice Cooker,"₩129,000",3.0,KakaoPay
5071,1030,2026-07-16,Beauty,Hand Cream,"₩12,000",2.0,Card
5095,1013,2026-04-11,Beauty,Sunscreen,"₩22,000",3.0,KakaoPay
5211,1042,2026-05-20,Home & Kitchen,Water Bottle,"₩18,000",1.0,Card
5103,1032,2026-07-02,Beauty,Face Serum,"₩45,000",1.0,Card
5019,1040,2026-04-19,Home & Kitchen,Water Bottle,"₩18,000",3.0,KakaoPay
5082,1031,2026-07-16,Home & Kitchen,Rice Cooker,"₩129,000",4.0,Bank Transfer
5091,1009,2026-04-05,Fashion,Running Shoes,"₩89,000",4.0,Card
5242,1006,2026-07-12,beauty,Hand Cream,"₩12,000",2.0,Card
5056,1042,2026-04-25,Fashion,Winter Jacket,"₩159,000",2.0,Bank Transfer
5119,1027,2026-07-01,Home & Kitchen,Rice Cooker,"₩129,000",3.0,Bank Transfer
5200,1050,2026-07-07,Fashion,Winter Jacket,"₩159,000",4.0,KakaoPay
5203,1006,2026-03-14,home & kitchen,Water Bottle,"₩18,000",3.0,Bank Transfer
5147,1032,2026-06-07,Fashion,Backpack,"₩49,000",1.0,Bank Transfer
5241,1022,2026-08-16,Beauty,Face Serum,"₩45,000",1.0,
5116,1048,2026-08-15,beauty,Hand Cream,"₩12,000",1.0,Card
5023,1016,2026-07-22,Electronics,Phone Charger,"₩25,000",3.0,Card
5098,1047,2026-05-12,Electronics,Wireless Earbuds,"₩59,000",3.0,Card
5133,1015,2026-05-17,Fashion,Backpack,"₩49,000",4.0,KakaoPay
5229,1018,2026-08-06,Beauty,Face Serum,"₩45,000",2.0,KakaoPay
5208,1050,2026-08-05,Beauty,Face Serum,"₩45,000",4.0,KakaoPay
5160,1032,2026-05-12,beauty,Face Serum,"₩45,000",4.0,KakaoPay
5115,1030,2026-05-13,Electronics,Smart Watch,"₩189,000",2.0,Bank Transfer
5300,1010,2026-08-23,home & kitchen,Air Fryer,"₩99,000",2.0,KakaoPay
5209,1021,2026-04-13,Home & Kitchen,Water Bottle,"₩18,000",1.0,Bank Transfer
5265,1004,2026-07-27,Fashion,Running Shoes,"₩89,000",4.0,Card
5173,1038,2026-03-12,Fashion,Running Shoes,"₩89,000",4.0,Card
5100,1039,2026-06-13,home & kitchen,Water Bottle,"₩18,000",3.0,KakaoPay
5148,1037,2026-07-25,Home & Kitchen,Air Fryer,"₩99,000",1.0,Card
5246,1011,2026-05-20,beauty,Hand Cream,"₩12,000",4.0,Card
5025,1012,2026-03-07,Beauty,Hand Cream,"₩12,000",4.0,Card
5185,1046,2026-04-13,Home & Kitchen,Air Fryer,"₩99,000",4.0,Card
5260,1039,2026-08-09,Home & Kitchen,Air Fryer,"₩99,000",4.0,Bank Transfer
5161,1011,2026-07-30,Electronics,Phone Charger,"₩25,000",4.0,
5063,1005,2026-08-07,home & kitchen,Rice Cooker,"₩129,000",3.0,Bank Transfer
5254,1036,2026-08-03, home & kitchen ,Rice Cooker,"₩129,000",1.0,Card
5079,1041,2026-07-11,Electronics,Smart Watch,"₩189,000",2.0,KakaoPay
5127,1037,2026-03-24,fashion,Winter Jacket,"₩159,000",1.0,KakaoPay
5051,1045,2026-03-02,Home & Kitchen,Water Bottle,"₩18,000",3.0,Card
5213,1036,2026-07-16,beauty,Hand Cream,"₩12,000",3.0,Bank Transfer
5129,1050,2026-06-26,Electronics,Phone Charger,"₩25,000",1.0,Bank Transfer
5128,1040,2026-05-04,Beauty,Hand Cream,"₩12,000",3.0,KakaoPay
5146,1007,2026-03-21,Home & Kitchen,Air Fryer,"₩99,000",3.0,KakaoPay
5053,1033,2026-04-13,electronics,Wireless Earbuds,"₩59,000",3.0,Bank Transfer
5062,1039,2026-03-04,Home & Kitchen,Air Fryer,"₩99,000",2.0,KakaoPay
5293,1016,2026-06-21,Fashion,Winter Jacket,"₩159,000",2.0,KakaoPay
5283,1035,2026-03-29,Fashion,Winter Jacket,"₩159,000",2.0,Card
5029,1005,2026-03-20,Home & Kitchen,Air Fryer,"₩99,000",4.0,
5070,1007,2026-08-22,electronics,Smart Watch,"₩189,000",2.0,KakaoPay
5037,1046,2026-05-20,Electronics,Wireless Earbuds,"₩59,000",1.0,KakaoPay
5041,1033,2026-03-18,Electronics,Phone Charger,"₩25,000",3.0,Card
5156,1033,2026-04-16,Fashion,Backpack,"₩49,000",2.0,Bank Transfer
5262,1050,2026-08-11,Beauty,Face Serum,"₩45,000",1.0,KakaoPay
5012,9999,2026-03-14,beauty,Face Serum,"₩45,000",4.0,Card
5291,1002,2026-05-22,Home & Kitchen,Water Bottle,"₩18,000",1.0,Bank Transfer
5278,1020,2026-06-03,Electronics,Phone Charger,"₩25,000",4.0,Bank Transfer
5259,1043,2026-04-20,Home & Kitchen,Air Fryer,"₩99,000",3.0,KakaoPay
5194,1025,2026-06-13,Home & Kitchen,Rice Cooker,"₩129,000",,KakaoPay
5169,1040,2026-04-18,Fashion,Winter Jacket,"₩159,000",1.0,Card
5228,1001,2026-06-08,Home & Kitchen,Air Fryer,"₩99,000",2.0,KakaoPay
5099,1046,2026-07-23,beauty,Hand Cream,"₩12,000",1.0,Bank Transfer
5175,1031,2026-04-13,Fashion,Running Shoes,"₩89,000",3.0,Card
5047,1005,2026-03-12,Home & Kitchen,Water Bottle,"₩18,000",2.0,KakaoPay
5263,1016,2026-03-27,Fashion,Backpack,"₩49,000",3.0,Bank Transfer
5214,1037,2026-07-12,Electronics,Smart Watch,"₩189,000",2.0,Bank Transfer
5268,1045,2026-03-23,Beauty,Sunscreen,"₩22,000",1.0,KakaoPay
5139,1013,2026-04-14, Beauty ,Sunscreen,"₩22,000",2.0,Card
5109,1033,2026-05-28,Beauty,Hand Cream,"₩12,000",1.0,Bank Transfer
5177,1016,2026-05-16,Home & Kitchen,Water Bottle,"₩18,000",4.0,Bank Transfer
5272,1007,2026-05-09,Fashion,Winter Jacket,"₩159,000",3.0,
5299,1045,2026-06-14,Home & Kitchen,Water Bottle,"₩18,000",2.0,Card
5016,1020,2026-07-30,Home & Kitchen,Water Bottle,"₩18,000",4.0,Card
5114,1007,2026-07-09, Fashion ,Backpack,"₩49,000",4.0,Bank Transfer
5008,1049,2026-03-13,fashion,Winter Jacket,"₩159,000",2.0,Bank Transfer
5273,1027,2026-05-14,Electronics,Smart Watch,"₩189,000",1.0,KakaoPay
5149,1036,2026-03-18,Electronics,Wireless Earbuds,"₩59,000",,Bank Transfer
5233,1030,2026-04-08,Beauty,Hand Cream,"₩12,000",3.0,KakaoPay
5074,1016,2026-08-23,electronics,Phone Charger,"₩25,000",1.0,KakaoPay
5009,1010,2026-07-15,Fashion,Backpack,"₩49,000",2.0,KakaoPay
5028,1041,2026-05-15,home & kitchen,Rice Cooker,"₩129,000",2.0,Card
5295,1024,2026-05-30,Fashion,Backpack,"₩49,000",1.0,Card
5059,1003,2026-06-04,Electronics,Wireless Earbuds,"₩59,000",2.0,KakaoPay
5223,1050,2026-06-05,Home & Kitchen,Water Bottle,"₩18,000",3.0,Card
5249,1025,2026-04-19,Electronics,Phone Charger,"₩25,000",1.0,Card
5237,1024,2026-08-02,Fashion,Winter Jacket,"₩159,000",4.0,Bank Transfer
5032,1016,2026-04-12,Electronics,Phone Charger,"₩25,000",3.0,KakaoPay
5002,1005,2026-04-06,Electronics,Smart Watch,"₩189,000",3.0,Bank Transfer
5190,1019,2026-07-09, Fashion ,Running Shoes,"₩89,000",3.0,KakaoPay
5014,1022,2026-08-17,Fashion,Backpack,"₩49,000",,Bank Transfer
5010,1008,2026-06-07,Home & Kitchen,Air Fryer,"₩99,000",3.0,Bank Transfer
5290,1005,2026-05-30,Beauty,Hand Cream,"₩12,000",1.0,Card
5096,1003,2026-04-20,Beauty,Face Serum,"₩45,000",1.0,KakaoPay
5035,1049,2026-07-16,Home & Kitchen,Air Fryer,"₩99,000",2.0,Bank Transfer
5097,1006,2026-08-08,Beauty,Face Serum,"₩45,000",1.0,Bank Transfer
5186,1015,2026-04-04,Fashion,Running Shoes,"₩89,000",1.0,KakaoPay
5189,1034,2026-05-13,Fashion,Winter Jacket,"₩159,000",4.0,Bank Transfer
5154,1029,2026-08-05,Home & Kitchen,Rice Cooker,"₩129,000",2.0,Card
5244,1016,2026-07-21,Home & Kitchen,Rice Cooker,"₩129,000",1.0,Card
5267,1036,2026-07-31,Fashion,Backpack,"₩49,000",2.0,Bank Transfer
5046,1048,2026-03-28, Home & Kitchen ,Air Fryer,"₩99,000",2.0,KakaoPay
5217,1002,2026-06-04,Home & Kitchen,Water Bottle,"₩18,000",4.0,KakaoPay
5033,1005,2026-08-20,fashion,Winter Jacket,"₩159,000",2.0,Card
5078,1049,2026-03-02,Fashion,Winter Jacket,"₩159,000",1.0,KakaoPay
5238,1041,2026-04-16,Fashion,Backpack,"₩49,000",3.0,Bank Transfer
5134,1016,2026-03-03,Home & Kitchen,Rice Cooker,"₩129,000",3.0,Bank Transfer
5145,1042,2026-07-26,Beauty,Hand Cream,"₩12,000",2.0,Card
5157,1026,2026-05-23,electronics,Wireless Earbuds,"₩59,000",3.0,
5064,1047,2026-03-01,Home & Kitchen,Air Fryer,"₩99,000",4.0,Card
5083,1021,2026-04-22,Beauty,Face Serum,"₩45,000",1.0,KakaoPay
5239,1010,2026-05-24, Home & Kitchen ,Water Bottle,"₩18,000",1.0,KakaoPay
5231,1045,2026-05-02,Beauty,Sunscreen,"₩22,000",2.0,Card
5240,1033,2026-05-16, Home & Kitchen ,Air Fryer,"₩99,000",2.0,Bank Transfer
5042,1003,2026-07-20, Beauty ,Face Serum,"₩45,000",1.0,KakaoPay
5178,1020,2026-07-14,Electronics,Smart Watch,"₩189,000",4.0,KakaoPay
5165,1016,2026-06-19,Fashion,Winter Jacket,"₩159,000",1.0,Bank Transfer
5110,1032,2026-07-16, fashion ,Winter Jacket,"₩159,000",1.0,Card
5182,1008,2026-06-26,beauty,Hand Cream,"₩12,000",3.0,KakaoPay
5224,1007,2026-06-05,Beauty,Face Serum,"₩45,000",1.0,KakaoPay
5122,1033,2026-05-27,Fashion,Running Shoes,"₩89,000",3.0,KakaoPay
5052,1006,2026-04-26,Home & Kitchen,Rice Cooker,"₩129,000",3.0,Bank Transfer
5057,1048,2026-04-06,Beauty,Sunscreen,"₩22,000",3.0,Card
5250,1040,2026-06-08, Home & Kitchen ,Rice Cooker,"₩129,000",2.0,
5159,1016,2026-03-17,Beauty,Sunscreen,"₩22,000",3.0,KakaoPay
5086,1041,2026-07-30,Beauty,Hand Cream,"₩12,000",4.0,Card
5121,1006,2026-07-31,Electronics,Smart Watch,"₩189,000",4.0,Card
5296,1020,2026-05-05,Home & Kitchen,Rice Cooker,"₩129,000",4.0,Card
5298,1013,2026-07-09,electronics,Smart Watch,"₩189,000",1.0,Card
5288,1040,2026-06-05,Fashion,Backpack,"₩49,000",4.0,KakaoPay
5236,1040,2026-04-15,Electronics,Phone Charger,"₩25,000",3.0,Bank Transfer
5215,1012,2026-08-11,Home & Kitchen,Air Fryer,"₩99,000",1.0,KakaoPay
5088,1016,2026-04-27,Electronics,Smart Watch,"₩189,000",4.0,
5166,1022,2026-04-05,home & kitchen,Rice Cooker,"₩129,000",3.0,KakaoPay
5148,1037,2026-07-25,Home & Kitchen,Air Fryer,"₩99,000",1.0,Card
5256,1010,2026-08-15, Electronics ,Wireless Earbuds,"₩59,000",4.0,Card
5106,1019,2026-05-18,fashion,Running Shoes,"₩89,000",1.0,Bank Transfer
5247,1021,2026-04-11,Home & Kitchen,Rice Cooker,"₩129,000",1.0,Card
5183,1005,2026-04-29,Beauty,Face Serum,"₩45,000",4.0,Bank Transfer
5050,1022,2026-07-31,fashion,Winter Jacket,"₩159,000",2.0,Card
5222,1018,2026-06-30,Fashion,Running Shoes,"₩89,000",2.0,Bank Transfer
5006,1028,2026-03-17,Home & Kitchen,Air Fryer,"₩99,000",4.0,Card
5018,1040,2026-07-22,beauty,Sunscreen,"₩22,000",4.0,KakaoPay
5297,1035,2026-04-25,Home & Kitchen,Air Fryer,"₩99,000",1.0,KakaoPay
5117,1005,2026-03-10,Fashion,Winter Jacket,"₩159,000",3.0,KakaoPay
5245,1020,2026-06-23,Beauty,Sunscreen,"₩22,000",4.0,Card
5107,1048,2026-07-21,Electronics,Wireless Earbuds,"₩59,000",3.0,Bank Transfer
5188,1043,2026-07-30,Home & Kitchen,Air Fryer,"₩99,000",4.0,KakaoPay
5163,1012,2026-03-27,Home & Kitchen,Rice Cooker,"₩129,000",1.0,
5135,1006,2026-06-07,Fashion,Backpack,"₩49,000",,Bank Transfer
5289,1046,2026-07-19,Home & Kitchen,Air Fryer,"₩99,000",3.0,Bank Transfer
5191,1043,2026-08-15,Beauty,Face Serum,"₩45,000",2.0,KakaoPay
5065,1042,2026-03-13,Electronics,Wireless Earbuds,"₩59,000",4.0,
5027,1040,2026-05-30,Electronics,Phone Charger,"₩25,000",,KakaoPay
5221,1045,2026-06-07,Electronics,Wireless Earbuds,"₩59,000",4.0,Card
5170,1025,2026-05-09,Fashion,Backpack,"₩49,000",1.0,Card
5181,1028,2026-08-20,Beauty,Hand Cream,"₩12,000",1.0,Bank Transfer
5101,1007,2026-07-12,Fashion,Backpack,"₩49,000",4.0,
5198,1016,2026-05-15,Fashion,Winter Jacket,"₩159,000",1.0,KakaoPay
5210,1028,2026-04-09,Fashion,Running Shoes,"₩89,000",3.0,Bank Transfer
5136,1015,2026-07-02,Electronics,Smart Watch,"₩189,000",4.0,Bank Transfer
5294,1021,2026-05-09,fashion,Winter Jacket,"₩159,000",1.0,KakaoPay
5270,1026,2026-07-21,Electronics,Wireless Earbuds,"₩59,000",1.0,
5199,1014,2026-05-14,Fashion,Running Shoes,"₩89,000",1.0,Bank Transfer
5118,1029,2026-03-24,Electronics,Wireless Earbuds,"₩59,000",1.0,
5167,1026,2026-08-21,Fashion,Winter Jacket,"₩159,000",4.0,Bank Transfer
5232,1046,2026-08-08,Fashion,Running Shoes,"₩89,000",2.0,KakaoPay
5137,1050,2026-06-28,Electronics,Wireless Earbuds,"₩59,000",1.0,KakaoPay
5030,1009,2026-07-08,Fashion,Winter Jacket,"₩159,000",4.0,KakaoPay
5080,1001,2026-07-31,Fashion,Backpack,"₩49,000",3.0,Card
5205,1050,2026-03-20,Home & Kitchen,Water Bottle,"₩18,000",1.0,Card
5141,1002,2026-08-11,Home & Kitchen,Rice Cooker,"₩129,000",1.0,Card
5158,1006,2026-03-24,Beauty,Face Serum,"₩45,000",4.0,Card
5132,1001,2026-06-07, Electronics ,Smart Watch,"₩189,000",1.0,KakaoPay
5040,1022,2026-06-28,Home & Kitchen,Water Bottle,"₩18,000",2.0,
5179,1011,2026-06-30,Home & Kitchen,Air Fryer,"₩99,000",4.0,KakaoPay
5206,1038,2026-08-22,Beauty,Hand Cream,"₩12,000",3.0,KakaoPay
5216,1001,2026-05-19,Electronics,Smart Watch,"₩189,000",4.0,KakaoPay
5235,1044,2026-05-02,Electronics,Wireless Earbuds,"₩59,000",1.0,Card
5055,1002,2026-04-12,beauty,Sunscreen,"₩22,000",1.0,KakaoPay
5124,1039,2026-07-26,Fashion,Backpack,"₩49,000",3.0,Card
5201,1039,2026-08-25,Beauty,Face Serum,"₩45,000",,Bank Transfer
5044,1009,2026-07-21,Electronics,Phone Charger,"₩25,000",2.0,Bank Transfer
5266,1001,2026-05-09,Fashion,Winter Jacket,"₩159,000",,Card
5049,1014,2026-07-24,fashion,Winter Jacket,"₩159,000",4.0,Card
5036,1023,2026-07-21,Home & Kitchen,Water Bottle,"₩18,000",3.0,Card
5060,1045,2026-03-28,Beauty,Hand Cream,"₩12,000",1.0,Bank Transfer
5144,1047,2026-08-22,Fashion,Backpack,"₩49,000",1.0,Bank Transfer
5054,1006,2026-04-27, Beauty ,Hand Cream,"₩12,000",3.0,Bank Transfer
5021,1024,2026-06-26, Home & Kitchen ,Water Bottle,"₩18,000",4.0,
5125,1016,2026-06-04,Beauty,Face Serum,"₩45,000",2.0,
5143,1043,2026-04-21,Beauty,Sunscreen,"₩22,000",1.0,Card
5111,1011,2026-03-07,Electronics,Smart Watch,"₩189,000",3.0,Bank Transfer
5257,1032,2026-07-06,Electronics,Wireless Earbuds,"₩59,000",2.0,Card
5077,1006,2026-07-30,Electronics,Phone Charger,"₩25,000",3.0,Card
5284,1009,2026-04-17,Home & Kitchen,Water Bottle,"₩18,000",,Card
5275,1034,2026-05-01, Electronics ,Wireless Earbuds,"₩59,000",4.0,Bank Transfer
5108,1017,2026-07-17,Beauty,Face Serum,"₩45,000",2.0,KakaoPay
5094,1003,2026-06-05,Beauty,Hand Cream,"₩12,000",2.0,Card
5013,9999,2026-07-02,Home & Kitchen,Air Fryer,"₩99,000",2.0,Card
5017,1007,2026-06-23,Electronics,Smart Watch,"₩189,000",,Card
5048,1047,2026-05-19,Fashion,Winter Jacket,"₩159,000",1.0,KakaoPay
5187,1025,2026-07-09,Beauty,Face Serum,"₩45,000",1.0,Card
5204,1028,2026-06-25,beauty,Face Serum,"₩45,000",4.0,KakaoPay
5269,1008,2026-07-18,Electronics,Wireless Earbuds,"₩59,000",3.0,Bank Transfer
5120,1025,2026-06-02,Beauty,Hand Cream,"₩12,000",1.0,
5022,1032,2026-06-12,Electronics,Smart Watch,"₩189,000",3.0,KakaoPay
5084,1033,2026-03-21,Beauty,Face Serum,"₩45,000",4.0,Bank Transfer
5131,1007,2026-03-23,Beauty,Face Serum,"₩45,000",,KakaoPay
5230,1038,2026-08-21,Beauty,Hand Cream,"₩12,000",3.0,KakaoPay
5128,1040,2026-05-04,Beauty,Hand Cream,"₩12,000",3.0,KakaoPay
5124,1039,2026-07-26,Fashion,Backpack,"₩49,000",3.0,Card
5034,1046,2026-05-05,Home & Kitchen,Water Bottle,"₩18,000",2.0,Bank Transfer
5005,1042,2026-05-12,Beauty,Face Serum,"₩45,000",3.0,KakaoPay
5020,1007,2026-03-07,Fashion,Winter Jacket,"₩159,000",1.0,Card
5220,1030,2026-07-06,Beauty,Sunscreen,"₩22,000",2.0,
5276,1030,2026-03-10,Electronics,Wireless Earbuds,"₩59,000",1.0,Card
5150,1003,2026-05-31,Fashion,Winter Jacket,"₩159,000",1.0,KakaoPay
5225,1036,2026-08-02,Electronics,Smart Watch,"₩189,000",3.0,KakaoPay
5248,1044,2026-05-14, Home & Kitchen ,Air Fryer,"₩99,000",1.0,Card
5279,1029,2026-07-16,Fashion,Backpack,"₩49,000",2.0,Bank Transfer
5152,1005,2026-05-06,Home & Kitchen,Air Fryer,"₩99,000",4.0,Card
5234,1013,2026-08-01,electronics,Wireless Earbuds,"₩59,000",2.0,Card
5011,9999,2026-05-05,Beauty,Hand Cream,"₩12,000",2.0,Card
5072,1036,2026-03-05,Beauty,Hand Cream,"₩12,000",1.0,Bank Transfer
5253,1047,2026-04-14,Fashion,Running Shoes,"₩89,000",2.0,Card
5093,1026,2026-08-25,Beauty,Sunscreen,"₩22,000",3.0,Bank Transfer
5193,1030,2026-04-24,Home & Kitchen,Water Bottle,"₩18,000",1.0,Bank Transfer
5258,1030,2026-04-11,Electronics,Phone Charger,"₩25,000",3.0,Bank Transfer
5214,1037,2026-07-12,Electronics,Smart Watch,"₩189,000",2.0,Bank Transfer
5196,1009,2026-05-10,Fashion,Winter Jacket,"₩159,000",1.0,KakaoPay
5138,1005,2026-06-21,Electronics,Phone Charger,"₩25,000",3.0,Bank Transfer
5261,1046,2026-04-14,Home & Kitchen,Air Fryer,"₩99,000",3.0,KakaoPay
5039,1043,2026-05-23,fashion,Running Shoes,"₩89,000",1.0,Bank Transfer
5202,1049,2026-04-21,Fashion,Backpack,"₩49,000",3.0,Bank Transfer
5190,1019,2026-07-09, Fashion ,Running Shoes,"₩89,000",3.0,KakaoPay
5252,1035,2026-08-03,Beauty,Face Serum,"₩45,000",2.0,Card
5113,1037,2026-06-20,Fashion,Running Shoes,"₩89,000",3.0,Card
5184,1024,2026-05-26,Electronics,Phone Charger,"₩25,000",4.0,
5153,1023,2026-06-15, Home & Kitchen ,Water Bottle,"₩18,000",3.0,Bank Transfer
5192,1043,2026-07-03,Fashion,Backpack,"₩49,000",2.0,KakaoPay
5045,1018,2026-05-20,Beauty,Face Serum,"₩45,000",3.0,KakaoPay
5276,1030,2026-03-10,Electronics,Wireless Earbuds,"₩59,000",1.0,Card
5007,1032,2026-04-19,Beauty,Hand Cream,"₩12,000",1.0,Bank Transfer
5251,1017,2026-04-11,fashion,Running Shoes,"₩89,000",3.0,Card
5076,1002,2026-05-29,Beauty,Hand Cream,"₩12,000",3.0,KakaoPay
5001,1022,2026-06-26, Electronics ,Smart Watch,"₩189,000",2.0,Bank Transfer
5069,1012,2026-04-01,Beauty,Sunscreen,"₩22,000",2.0,Card
5168,1047,2026-03-24,Fashion,Backpack,"₩49,000",4.0,
5219,1018,2026-06-03, Home & Kitchen ,Water Bottle,"₩18,000",4.0,Bank Transfer
5043,1008,2026-06-27,Electronics,Wireless Earbuds,"₩59,000",3.0,Card
5073,1007,2026-05-18,beauty,Sunscreen,"₩22,000",,Bank Transfer
5024,1011,2026-08-24,Home & Kitchen,Rice Cooker,"₩129,000",2.0,KakaoPay
5186,1015,2026-04-04,Fashion,Running Shoes,"₩89,000",1.0,KakaoPay
5104,1024,2026-05-18,Electronics,Wireless Earbuds,"₩59,000",1.0,KakaoPay
5212,1003,2026-08-19,Electronics,Phone Charger,"₩25,000",2.0,Card
5068,1026,2026-05-29,Home & Kitchen,Water Bottle,"₩18,000",2.0,Card
5026,1015,2026-08-13,Beauty,Sunscreen,"₩22,000",2.0,KakaoPay
5197,1002,2026-04-16,home & kitchen,Air Fryer,"₩99,000",3.0,Bank Transfer
5176,1048,2026-05-30,Fashion,Winter Jacket,"₩159,000",1.0,Bank Transfer
