order_id,customer_id,order_date,category,product,unit_price,quantity,payment_method,revenue,month
5285,1046,2026-08-25,Beauty,Hand Cream,12000.0,1,Card,12000.0,2026-08
5171,1043,2026-08-04,Electronics,Wireless Earbuds,59000.0,4,Card,236000.0,2026-08
5151,1045,2026-04-09,Electronics,Wireless Earbuds,59000.0,2,Bank Transfer,118000.0,2026-04
5105,1019,2026-04-30,Fashion,Running Shoes,89000.0,3,KakaoPay,267000.0,2026-04
5038,1016,2026-07-08,Fashion,Running Shoes,89000.0,2,KakaoPay,178000.0,2026-07
5102,1043,2026-08-22,Home & Kitchen,Rice Cooker,129000.0,4,KakaoPay,516000.0,2026-08
5267,1036,2026-07-31,Fashion,Backpack,49000.0,2,Bank Transfer,98000.0,2026-07
5243,1004,2026-06-11,Electronics,Wireless Earbuds,59000.0,4,KakaoPay,236000.0,2026-06
5287,1026,2026-05-14,Fashion,Winter Jacket,159000.0,1,Bank Transfer,159000.0,2026-05
5271,1001,2026-08-14,Home & Kitchen,Air Fryer,99000.0,3,Bank Transfer,297000.0,2026-08
5264,1011,2026-04-23,Electronics,Phone Charger,25000.0,3,KakaoPay,75000.0,2026-04
5074,1016,2026-08-23,Electronics,Phone Charger,25000.0,1,KakaoPay,25000.0,2026-08
5282,1005,2026-08-17,Home & Kitchen,Rice Cooker,129000.0,4,Bank Transfer,516000.0,2026-08
5281,1040,2026-03-07,Beauty,Sunscreen,22000.0,2,KakaoPay,44000.0,2026-03
5107,1048,2026-07-21,Electronics,Wireless Earbuds,59000.0,3,Bank Transfer,177000.0,2026-07
5255,1007,2026-04-27,Fashion,Running Shoes,89000.0,1,Bank Transfer,89000.0,2026-04
5092,1035,2026-06-01,Home & Kitchen,Rice Cooker,129000.0,4,KakaoPay,516000.0,2026-06
5172,1017,2026-06-10,Electronics,Wireless Earbuds,59000.0,2,Card,118000.0,2026-06
5058,1013,2026-08-10,Fashion,Winter Jacket,159000.0,4,Bank Transfer,636000.0,2026-08
5081,1040,2026-04-15,Home & Kitchen,Water Bottle,18000.0,2,Card,36000.0,2026-04
5277,1013,2026-07-30,Beauty,Hand Cream,12000.0,3,Unknown,36000.0,2026-07
5243,1004,2026-06-11,Electronics,Wireless Earbuds,59000.0,4,KakaoPay,236000.0,2026-06
5089,1009,2026-06-16,Beauty,Hand Cream,12000.0,1,Card,12000.0,2026-06
5126,1047,2026-03-16,Beauty,Sunscreen,22000.0,3,KakaoPay,66000.0,2026-03
5004,1019,2026-05-30,Beauty,Face Serum,45000.0,1,Bank Transfer,45000.0,2026-05
5087,1030,2026-05-25,Beauty,Sunscreen,22000.0,2,Card,44000.0,2026-05
5280,1021,2026-03-27,Fashion,Backpack,49000.0,4,KakaoPay,196000.0,2026-03
5195,1020,2026-03-04,Fashion,Running Shoes,89000.0,4,Bank Transfer,356000.0,2026-03
5162,1002,2026-08-13,Fashion,Running Shoes,89000.0,2,KakaoPay,178000.0,2026-08
5123,1034,2026-04-07,Beauty,Hand Cream,12000.0,3,KakaoPay,36000.0,2026-04
5218,1034,2026-06-18,Fashion,Backpack,49000.0,2,Card,98000.0,2026-06
5031,1035,2026-05-29,Beauty,Sunscreen,22000.0,2,KakaoPay,44000.0,2026-05
5061,1045,2026-04-10,Beauty,Hand Cream,12000.0,1,KakaoPay,12000.0,2026-04
5015,1016,2026-03-18,Fashion,Backpack,49000.0,4,Bank Transfer,196000.0,2026-03
5155,1016,2026-06-06,Electronics,Smart Watch,189000.0,2,KakaoPay,378000.0,2026-06
5090,1006,2026-05-22,Fashion,Running Shoes,89000.0,3,Card,267000.0,2026-05
5226,1046,2026-05-29,Electronics,Phone Charger,25000.0,1,KakaoPay,25000.0,2026-05
5292,1036,2026-07-23,Beauty,Face Serum,45000.0,4,Bank Transfer,180000.0,2026-07
5177,1016,2026-05-16,Home & Kitchen,Water Bottle,18000.0,4,Bank Transfer,72000.0,2026-05
5085,1013,2026-06-04,Home & Kitchen,Rice Cooker,129000.0,2,Card,258000.0,2026-06
5067,1016,2026-04-20,Electronics,Wireless Earbuds,59000.0,4,Bank Transfer,236000.0,2026-04
5003,1040,2026-07-08,Fashion,Backpack,49000.0,2,Card,98000.0,2026-07
5274,1003,2026-07-08,Electronics,Wireless Earbuds,59000.0,2,KakaoPay,118000.0,2026-07
5286,1037,2026-08-06,Home & Kitchen,Rice Cooker,129000.0,3,Bank Transfer,387000.0,2026-08
5066,1030,2026-05-06,Fashion,Running Shoes,89000.0,3,Bank Transfer,267000.0,2026-05
5130,1006,2026-05-16,Beauty,Hand Cream,12000.0,2,Bank Transfer,24000.0,2026-05
5075,1048,2026-04-26,Fashion,Winter Jacket,159000.0,2,Card,318000.0,2026-04
5207,1003,2026-04-23,Electronics,Wireless Earbuds,59000.0,3,Bank Transfer,177000.0,2026-04
5140,1010,2026-07-24,Beauty,Hand Cream,12000.0,1,Bank Transfer,12000.0,2026-07
5180,1009,2026-07-07,Home & Kitchen,Air Fryer,99000.0,2,Bank Transfer,198000.0,2026-07
5174,1043,2026-07-06,Home & Kitchen,Water Bottle,18000.0,2,KakaoPay,36000.0,2026-07
5142,1031,2026-07-26,Electronics,Wireless Earbuds,59000.0,2,Bank Transfer,118000.0,2026-07
5227,1019,2026-03-19,Home & Kitchen,Air Fryer,99000.0,1,Card,99000.0,2026-03
5112,1007,2026-08-13,Fashion,Backpack,49000.0,4,KakaoPay,196000.0,2026-08
5164,1036,2026-06-15,Home & Kitchen,Rice Cooker,129000.0,3,KakaoPay,387000.0,2026-06
5071,1030,2026-07-16,Beauty,Hand Cream,12000.0,2,Card,24000.0,2026-07
5095,1013,2026-04-11,Beauty,Sunscreen,22000.0,3,KakaoPay,66000.0,2026-04
5211,1042,2026-05-20,Home & Kitchen,Water Bottle,18000.0,1,Card,18000.0,2026-05
5103,1032,2026-07-02,Beauty,Face Serum,45000.0,1,Card,45000.0,2026-07
5019,1040,2026-04-19,Home & Kitchen,Water Bottle,18000.0,3,KakaoPay,54000.0,2026-04
5082,1031,2026-07-16,Home & Kitchen,Rice Cooker,129000.0,4,Bank Transfer,516000.0,2026-07
5091,1009,2026-04-05,Fashion,Running Shoes,89000.0,4,Card,356000.0,2026-04
5242,1006,2026-07-12,Beauty,Hand Cream,12000.0,2,Card,24000.0,2026-07
5056,1042,2026-04-25,Fashion,Winter Jacket,159000.0,2,Bank Transfer,318000.0,2026-04
5119,1027,2026-07-01,Home & Kitchen,Rice Cooker,129000.0,3,Bank Transfer,387000.0,2026-07
5200,1050,2026-07-07,Fashion,Winter Jacket,159000.0,4,KakaoPay,636000.0,2026-07
5203,1006,2026-03-14,Home & Kitchen,Water Bottle,18000.0,3,Bank Transfer,54000.0,2026-03
5147,1032,2026-06-07,Fashion,Backpack,49000.0,1,Bank Transfer,49000.0,2026-06
5241,1022,2026-08-16,Beauty,Face Serum,45000.0,1,Unknown,45000.0,2026-08
5116,1048,2026-08-15,Beauty,Hand Cream,12000.0,1,Card,12000.0,2026-08
5023,1016,2026-07-22,Electronics,Phone Charger,25000.0,3,Card,75000.0,2026-07
5098,1047,2026-05-12,Electronics,Wireless Earbuds,59000.0,3,Card,177000.0,2026-05
5133,1015,2026-05-17,Fashion,Backpack,49000.0,4,KakaoPay,196000.0,2026-05
5229,1018,2026-08-06,Beauty,Face Serum,45000.0,2,KakaoPay,90000.0,2026-08
5208,1050,2026-08-05,Beauty,Face Serum,45000.0,4,KakaoPay,180000.0,2026-08
5160,1032,2026-05-12,Beauty,Face Serum,45000.0,4,KakaoPay,180000.0,2026-05
5115,1030,2026-05-13,Electronics,Smart Watch,189000.0,2,Bank Transfer,378000.0,2026-05
5300,1010,2026-08-23,Home & Kitchen,Air Fryer,99000.0,2,KakaoPay,198000.0,2026-08
5209,1021,2026-04-13,Home & Kitchen,Water Bottle,18000.0,1,Bank Transfer,18000.0,2026-04
5265,1004,2026-07-27,Fashion,Running Shoes,89000.0,4,Card,356000.0,2026-07
5173,1038,2026-03-12,Fashion,Running Shoes,89000.0,4,Card,356000.0,2026-03
5100,1039,2026-06-13,Home & Kitchen,Water Bottle,18000.0,3,KakaoPay,54000.0,2026-06
5148,1037,2026-07-25,Home & Kitchen,Air Fryer,99000.0,1,Card,99000.0,2026-07
5246,1011,2026-05-20,Beauty,Hand Cream,12000.0,4,Card,48000.0,2026-05
5025,1012,2026-03-07,Beauty,Hand Cream,12000.0,4,Card,48000.0,2026-03
5185,1046,2026-04-13,Home & Kitchen,Air Fryer,99000.0,4,Card,396000.0,2026-04
5260,1039,2026-08-09,Home & Kitchen,Air Fryer,99000.0,4,Bank Transfer,396000.0,2026-08
5161,1011,2026-07-30,Electronics,Phone Charger,25000.0,4,Unknown,100000.0,2026-07
5063,1005,2026-08-07,Home & Kitchen,Rice Cooker,129000.0,3,Bank Transfer,387000.0,2026-08
5254,1036,2026-08-03,Home & Kitchen,Rice Cooker,129000.0,1,Card,129000.0,2026-08
5079,1041,2026-07-11,Electronics,Smart Watch,189000.0,2,KakaoPay,378000.0,2026-07
5127,1037,2026-03-24,Fashion,Winter Jacket,159000.0,1,KakaoPay,159000.0,2026-03
5051,1045,2026-03-02,Home & Kitchen,Water Bottle,18000.0,3,Card,54000.0,2026-03
5213,1036,2026-07-16,Beauty,Hand Cream,12000.0,3,Bank Transfer,36000.0,2026-07
5129,1050,2026-06-26,Electronics,Phone Charger,25000.0,1,Bank Transfer,25000.0,2026-06
5128,1040,2026-05-04,Beauty,Hand Cream,12000.0,3,KakaoPay,36000.0,2026-05
5146,1007,2026-03-21,Home & Kitchen,Air Fryer,99000.0,3,KakaoPay,297000.0,2026-03
5053,1033,2026-04-13,Electronics,Wireless Earbuds,59000.0,3,Bank Transfer,177000.0,2026-04
5062,1039,2026-03-04,Home & Kitchen,Air Fryer,99000.0,2,KakaoPay,198000.0,2026-03
5293,1016,2026-06-21,Fashion,Winter Jacket,159000.0,2,KakaoPay,318000.0,2026-06
5283,1035,2026-03-29,Fashion,Winter Jacket,159000.0,2,Card,318000.0,2026-03
5029,1005,2026-03-20,Home & Kitchen,Air Fryer,99000.0,4,Unknown,396000.0,2026-03
5070,1007,2026-08-22,Electronics,Smart Watch,189000.0,2,KakaoPay,378000.0,2026-08
5037,1046,2026-05-20,Electronics,Wireless Earbuds,59000.0,1,KakaoPay,59000.0,2026-05
5041,1033,2026-03-18,Electronics,Phone Charger,25000.0,3,Card,75000.0,2026-03
5156,1033,2026-04-16,Fashion,Backpack,49000.0,2,Bank Transfer,98000.0,2026-04
5262,1050,2026-08-11,Beauty,Face Serum,45000.0,1,KakaoPay,45000.0,2026-08
5012,9999,2026-03-14,Beauty,Face Serum,45000.0,4,Card,180000.0,2026-03
5291,1002,2026-05-22,Home & Kitchen,Water Bottle,18000.0,1,Bank Transfer,18000.0,2026-05
5278,1020,2026-06-03,Electronics,Phone Charger,25000.0,4,Bank Transfer,100000.0,2026-06
5259,1043,2026-04-20,Home & Kitchen,Air Fryer,99000.0,3,KakaoPay,297000.0,2026-04
5194,1025,2026-06-13,Home & Kitchen,Rice Cooker,129000.0,2,KakaoPay,258000.0,2026-06
5169,1040,2026-04-18,Fashion,Winter Jacket,159000.0,1,Card,159000.0,2026-04
5228,1001,2026-06-08,Home & Kitchen,Air Fryer,99000.0,2,KakaoPay,198000.0,2026-06
5099,1046,2026-07-23,Beauty,Hand Cream,12000.0,1,Bank Transfer,12000.0,2026-07
5175,1031,2026-04-13,Fashion,Running Shoes,89000.0,3,Card,267000.0,2026-04
5047,1005,2026-03-12,Home & Kitchen,Water Bottle,18000.0,2,KakaoPay,36000.0,2026-03
5263,1016,2026-03-27,Fashion,Backpack,49000.0,3,Bank Transfer,147000.0,2026-03
5214,1037,2026-07-12,Electronics,Smart Watch,189000.0,2,Bank Transfer,378000.0,2026-07
5268,1045,2026-03-23,Beauty,Sunscreen,22000.0,1,KakaoPay,22000.0,2026-03
5139,1013,2026-04-14,Beauty,Sunscreen,22000.0,2,Card,44000.0,2026-04
5109,1033,2026-05-28,Beauty,Hand Cream,12000.0,1,Bank Transfer,12000.0,2026-05
5177,1016,2026-05-16,Home & Kitchen,Water Bottle,18000.0,4,Bank Transfer,72000.0,2026-05
5272,1007,2026-05-09,Fashion,Winter Jacket,159000.0,3,Unknown,477000.0,2026-05
5299,1045,2026-06-14,Home & Kitchen,Water Bottle,18000.0,2,Card,36000.0,2026-06
5016,1020,2026-07-30,Home & Kitchen,Water Bottle,18000.0,4,Card,72000.0,2026-07
5114,1007,2026-07-09,Fashion,Backpack,49000.0,4,Bank Transfer,196000.0,2026-07
5008,1049,2026-03-13,Fashion,Winter Jacket,159000.0,2,Bank Transfer,318000.0,2026-03
5273,1027,2026-05-14,Electronics,Smart Watch,189000.0,1,KakaoPay,189000.0,2026-05
5149,1036,2026-03-18,Electronics,Wireless Earbuds,59000.0,2,Bank Transfer,118000.0,2026-03
5233,1030,2026-04-08,Beauty,Hand Cream,12000.0,3,KakaoPay,36000.0,2026-04
5074,1016,2026-08-23,Electronics,Phone Charger,25000.0,1,KakaoPay,25000.0,2026-08
5009,1010,2026-07-15,Fashion,Backpack,49000.0,2,KakaoPay,98000.0,2026-07
5028,1041,2026-05-15,Home & Kitchen,Rice Cooker,129000.0,2,Card,258000.0,2026-05
5295,1024,2026-05-30,Fashion,Backpack,49000.0,1,Card,49000.0,2026-05
5059,1003,2026-06-04,Electronics,Wireless Earbuds,59000.0,2,KakaoPay,118000.0,2026-06
5223,1050,2026-06-05,Home & Kitchen,Water Bottle,18000.0,3,Card,54000.0,2026-06
5249,1025,2026-04-19,Electronics,Phone Charger,25000.0,1,Card,25000.0,2026-04
5237,1024,2026-08-02,Fashion,Winter Jacket,159000.0,4,Bank Transfer,636000.0,2026-08
5032,1016,2026-04-12,Electronics,Phone Charger,25000.0,3,KakaoPay,75000.0,2026-04
5002,1005,2026-04-06,Electronics,Smart Watch,189000.0,3,Bank Transfer,567000.0,2026-04
5190,1019,2026-07-09,Fashion,Running Shoes,89000.0,3,KakaoPay,267000.0,2026-07
5014,1022,2026-08-17,Fashion,Backpack,49000.0,2,Bank Transfer,98000.0,2026-08
5010,1008,2026-06-07,Home & Kitchen,Air Fryer,99000.0,3,Bank Transfer,297000.0,2026-06
5290,1005,2026-05-30,Beauty,Hand Cream,12000.0,1,Card,12000.0,2026-05
5096,1003,2026-04-20,Beauty,Face Serum,45000.0,1,KakaoPay,45000.0,2026-04
5035,1049,2026-07-16,Home & Kitchen,Air Fryer,99000.0,2,Bank Transfer,198000.0,2026-07
5097,1006,2026-08-08,Beauty,Face Serum,45000.0,1,Bank Transfer,45000.0,2026-08
5186,1015,2026-04-04,Fashion,Running Shoes,89000.0,1,KakaoPay,89000.0,2026-04
5189,1034,2026-05-13,Fashion,Winter Jacket,159000.0,4,Bank Transfer,636000.0,2026-05
5154,1029,2026-08-05,Home & Kitchen,Rice Cooker,129000.0,2,Card,258000.0,2026-08
5244,1016,2026-07-21,Home & Kitchen,Rice Cooker,129000.0,1,Card,129000.0,2026-07
5267,1036,2026-07-31,Fashion,Backpack,49000.0,2,Bank Transfer,98000.0,2026-07
5046,1048,2026-03-28,Home & Kitchen,Air Fryer,99000.0,2,KakaoPay,198000.0,2026-03
5217,1002,2026-06-04,Home & Kitchen,Water Bottle,18000.0,4,KakaoPay,72000.0,2026-06
5033,1005,2026-08-20,Fashion,Winter Jacket,159000.0,2,Card,318000.0,2026-08
5078,1049,2026-03-02,Fashion,Winter Jacket,159000.0,1,KakaoPay,159000.0,2026-03
5238,1041,2026-04-16,Fashion,Backpack,49000.0,3,Bank Transfer,147000.0,2026-04
5134,1016,2026-03-03,Home & Kitchen,Rice Cooker,129000.0,3,Bank Transfer,387000.0,2026-03
5145,1042,2026-07-26,Beauty,Hand Cream,12000.0,2,Card,24000.0,2026-07
5157,1026,2026-05-23,Electronics,Wireless Earbuds,59000.0,3,Unknown,177000.0,2026-05
5064,1047,2026-03-01,Home & Kitchen,Air Fryer,99000.0,4,Card,396000.0,2026-03
5083,1021,2026-04-22,Beauty,Face Serum,45000.0,1,KakaoPay,45000.0,2026-04
5239,1010,2026-05-24,Home & Kitchen,Water Bottle,18000.0,1,KakaoPay,18000.0,2026-05
5231,1045,2026-05-02,Beauty,Sunscreen,22000.0,2,Card,44000.0,2026-05
5240,1033,2026-05-16,Home & Kitchen,Air Fryer,99000.0,2,Bank Transfer,198000.0,2026-05
5042,1003,2026-07-20,Beauty,Face Serum,45000.0,1,KakaoPay,45000.0,2026-07
5178,1020,2026-07-14,Electronics,Smart Watch,189000.0,4,KakaoPay,756000.0,2026-07
5165,1016,2026-06-19,Fashion,Winter Jacket,159000.0,1,Bank Transfer,159000.0,2026-06
5110,1032,2026-07-16,Fashion,Winter Jacket,159000.0,1,Card,159000.0,2026-07
5182,1008,2026-06-26,Beauty,Hand Cream,12000.0,3,KakaoPay,36000.0,2026-06
5224,1007,2026-06-05,Beauty,Face Serum,45000.0,1,KakaoPay,45000.0,2026-06
5122,1033,2026-05-27,Fashion,Running Shoes,89000.0,3,KakaoPay,267000.0,2026-05
5052,1006,2026-04-26,Home & Kitchen,Rice Cooker,129000.0,3,Bank Transfer,387000.0,2026-04
5057,1048,2026-04-06,Beauty,Sunscreen,22000.0,3,Card,66000.0,2026-04
5250,1040,2026-06-08,Home & Kitchen,Rice Cooker,129000.0,2,Unknown,258000.0,2026-06
5159,1016,2026-03-17,Beauty,Sunscreen,22000.0,3,KakaoPay,66000.0,2026-03
5086,1041,2026-07-30,Beauty,Hand Cream,12000.0,4,Card,48000.0,2026-07
5121,1006,2026-07-31,Electronics,Smart Watch,189000.0,4,Card,756000.0,2026-07
5296,1020,2026-05-05,Home & Kitchen,Rice Cooker,129000.0,4,Card,516000.0,2026-05
5298,1013,2026-07-09,Electronics,Smart Watch,189000.0,1,Card,189000.0,2026-07
5288,1040,2026-06-05,Fashion,Backpack,49000.0,4,KakaoPay,196000.0,2026-06
5236,1040,2026-04-15,Electronics,Phone Charger,25000.0,3,Bank Transfer,75000.0,2026-04
5215,1012,2026-08-11,Home & Kitchen,Air Fryer,99000.0,1,KakaoPay,99000.0,2026-08
5088,1016,2026-04-27,Electronics,Smart Watch,189000.0,4,Unknown,756000.0,2026-04
5166,1022,2026-04-05,Home & Kitchen,Rice Cooker,129000.0,3,KakaoPay,387000.0,2026-04
5148,1037,2026-07-25,Home & Kitchen,Air Fryer,99000.0,1,Card,99000.0,2026-07
5256,1010,2026-08-15,Electronics,Wireless Earbuds,59000.0,4,Card,236000.0,2026-08
5106,1019,2026-05-18,Fashion,Running Shoes,89000.0,1,Bank Transfer,89000.0,2026-05
5247,1021,2026-04-11,Home & Kitchen,Rice Cooker,129000.0,1,Card,129000.0,2026-04
5183,1005,2026-04-29,Beauty,Face Serum,45000.0,4,Bank Transfer,180000.0,2026-04
5050,1022,2026-07-31,Fashion,Winter Jacket,159000.0,2,Card,318000.0,2026-07
5222,1018,2026-06-30,Fashion,Running Shoes,89000.0,2,Bank Transfer,178000.0,2026-06
5006,1028,2026-03-17,Home & Kitchen,Air Fryer,99000.0,4,Card,396000.0,2026-03
5018,1040,2026-07-22,Beauty,Sunscreen,22000.0,4,KakaoPay,88000.0,2026-07
5297,1035,2026-04-25,Home & Kitchen,Air Fryer,99000.0,1,KakaoPay,99000.0,2026-04
5117,1005,2026-03-10,Fashion,Winter Jacket,159000.0,3,KakaoPay,477000.0,2026-03
5245,1020,2026-06-23,Beauty,Sunscreen,22000.0,4,Card,88000.0,2026-06
5107,1048,2026-07-21,Electronics,Wireless Earbuds,59000.0,3,Bank Transfer,177000.0,2026-07
5188,1043,2026-07-30,Home & Kitchen,Air Fryer,99000.0,4,KakaoPay,396000.0,2026-07
5163,1012,2026-03-27,Home & Kitchen,Rice Cooker,129000.0,1,Unknown,129000.0,2026-03
5135,1006,2026-06-07,Fashion,Backpack,49000.0,2,Bank Transfer,98000.0,2026-06
5289,1046,2026-07-19,Home & Kitchen,Air Fryer,99000.0,3,Bank Transfer,297000.0,2026-07
5191,1043,2026-08-15,Beauty,Face Serum,45000.0,2,KakaoPay,90000.0,2026-08
5065,1042,2026-03-13,Electronics,Wireless Earbuds,59000.0,4,Unknown,236000.0,2026-03
5027,1040,2026-05-30,Electronics,Phone Charger,25000.0,2,KakaoPay,50000.0,2026-05
5221,1045,2026-06-07,Electronics,Wireless Earbuds,59000.0,4,Card,236000.0,2026-06
5170,1025,2026-05-09,Fashion,Backpack,49000.0,1,Card,49000.0,2026-05
5181,1028,2026-08-20,Beauty,Hand Cream,12000.0,1,Bank Transfer,12000.0,2026-08
5101,1007,2026-07-12,Fashion,Backpack,49000.0,4,Unknown,196000.0,2026-07
5198,1016,2026-05-15,Fashion,Winter Jacket,159000.0,1,KakaoPay,159000.0,2026-05
5210,1028,2026-04-09,Fashion,Running Shoes,89000.0,3,Bank Transfer,267000.0,2026-04
5136,1015,2026-07-02,Electronics,Smart Watch,189000.0,4,Bank Transfer,756000.0,2026-07
5294,1021,2026-05-09,Fashion,Winter Jacket,159000.0,1,KakaoPay,159000.0,2026-05
5270,1026,2026-07-21,Electronics,Wireless Earbuds,59000.0,1,Unknown,59000.0,2026-07
5199,1014,2026-05-14,Fashion,Running Shoes,89000.0,1,Bank Transfer,89000.0,2026-05
5118,1029,2026-03-24,Electronics,Wireless Earbuds,59000.0,1,Unknown,59000.0,2026-03
5167,1026,2026-08-21,Fashion,Winter Jacket,159000.0,4,Bank Transfer,636000.0,2026-08
5232,1046,2026-08-08,Fashion,Running Shoes,89000.0,2,KakaoPay,178000.0,2026-08
5137,1050,2026-06-28,Electronics,Wireless Earbuds,59000.0,1,KakaoPay,59000.0,2026-06
5030,1009,2026-07-08,Fashion,Winter Jacket,159000.0,4,KakaoPay,636000.0,2026-07
5080,1001,2026-07-31,Fashion,Backpack,49000.0,3,Card,147000.0,2026-07
5205,1050,2026-03-20,Home & Kitchen,Water Bottle,18000.0,1,Card,18000.0,2026-03
5141,1002,2026-08-11,Home & Kitchen,Rice Cooker,129000.0,1,Card,129000.0,2026-08
5158,1006,2026-03-24,Beauty,Face Serum,45000.0,4,Card,180000.0,2026-03
5132,1001,2026-06-07,Electronics,Smart Watch,189000.0,1,KakaoPay,189000.0,2026-06
5040,1022,2026-06-28,Home & Kitchen,Water Bottle,18000.0,2,Unknown,36000.0,2026-06
5179,1011,2026-06-30,Home & Kitchen,Air Fryer,99000.0,4,KakaoPay,396000.0,2026-06
5206,1038,2026-08-22,Beauty,Hand Cream,12000.0,3,KakaoPay,36000.0,2026-08
5216,1001,2026-05-19,Electronics,Smart Watch,189000.0,4,KakaoPay,756000.0,2026-05
5235,1044,2026-05-02,Electronics,Wireless Earbuds,59000.0,1,Card,59000.0,2026-05
5055,1002,2026-04-12,Beauty,Sunscreen,22000.0,1,KakaoPay,22000.0,2026-04
5124,1039,2026-07-26,Fashion,Backpack,49000.0,3,Card,147000.0,2026-07
5201,1039,2026-08-25,Beauty,Face Serum,45000.0,2,Bank Transfer,90000.0,2026-08
5044,1009,2026-07-21,Electronics,Phone Charger,25000.0,2,Bank Transfer,50000.0,2026-07
5266,1001,2026-05-09,Fashion,Winter Jacket,159000.0,2,Card,318000.0,2026-05
5049,1014,2026-07-24,Fashion,Winter Jacket,159000.0,4,Card,636000.0,2026-07
5036,1023,2026-07-21,Home & Kitchen,Water Bottle,18000.0,3,Card,54000.0,2026-07
5060,1045,2026-03-28,Beauty,Hand Cream,12000.0,1,Bank Transfer,12000.0,2026-03
5144,1047,2026-08-22,Fashion,Backpack,49000.0,1,Bank Transfer,49000.0,2026-08
5054,1006,2026-04-27,Beauty,Hand Cream,12000.0,3,Bank Transfer,36000.0,2026-04
5021,1024,2026-06-26,Home & Kitchen,Water Bottle,18000.0,4,Unknown,72000.0,2026-06
5125,1016,2026-06-04,Beauty,Face Serum,45000.0,2,Unknown,90000.0,2026-06
5143,1043,2026-04-21,Beauty,Sunscreen,22000.0,1,Card,22000.0,2026-04
5111,1011,2026-03-07,Electronics,Smart Watch,189000.0,3,Bank Transfer,567000.0,2026-03
5257,1032,2026-07-06,Electronics,Wireless Earbuds,59000.0,2,Card,118000.0,2026-07
5077,1006,2026-07-30,Electronics,Phone Charger,25000.0,3,Card,75000.0,2026-07
5284,1009,2026-04-17,Home & Kitchen,Water Bottle,18000.0,2,Card,36000.0,2026-04
5275,1034,2026-05-01,Electronics,Wireless Earbuds,59000.0,4,Bank Transfer,236000.0,2026-05
5108,1017,2026-07-17,Beauty,Face Serum,45000.0,2,KakaoPay,90000.0,2026-07
5094,1003,2026-06-05,Beauty,Hand Cream,12000.0,2,Card,24000.0,2026-06
5013,9999,2026-07-02,Home & Kitchen,Air Fryer,99000.0,2,Card,198000.0,2026-07
5017,1007,2026-06-23,Electronics,Smart Watch,189000.0,2,Card,378000.0,2026-06
5048,1047,2026-05-19,Fashion,Winter Jacket,159000.0,1,KakaoPay,159000.0,2026-05
5187,1025,2026-07-09,Beauty,Face Serum,45000.0,1,Card,45000.0,2026-07
5204,1028,2026-06-25,Beauty,Face Serum,45000.0,4,KakaoPay,180000.0,2026-06
5269,1008,2026-07-18,Electronics,Wireless Earbuds,59000.0,3,Bank Transfer,177000.0,2026-07
5120,1025,2026-06-02,Beauty,Hand Cream,12000.0,1,Unknown,12000.0,2026-06
5022,1032,2026-06-12,Electronics,Smart Watch,189000.0,3,KakaoPay,567000.0,2026-06
5084,1033,2026-03-21,Beauty,Face Serum,45000.0,4,Bank Transfer,180000.0,2026-03
5131,1007,2026-03-23,Beauty,Face Serum,45000.0,2,KakaoPay,90000.0,2026-03
5230,1038,2026-08-21,Beauty,Hand Cream,12000.0,3,KakaoPay,36000.0,2026-08
5128,1040,2026-05-04,Beauty,Hand Cream,12000.0,3,KakaoPay,36000.0,2026-05
5124,1039,2026-07-26,Fashion,Backpack,49000.0,3,Card,147000.0,2026-07
5034,1046,2026-05-05,Home & Kitchen,Water Bottle,18000.0,2,Bank Transfer,36000.0,2026-05
5005,1042,2026-05-12,Beauty,Face Serum,45000.0,3,KakaoPay,135000.0,2026-05
5020,1007,2026-03-07,Fashion,Winter Jacket,159000.0,1,Card,159000.0,2026-03
5220,1030,2026-07-06,Beauty,Sunscreen,22000.0,2,Unknown,44000.0,2026-07
5276,1030,2026-03-10,Electronics,Wireless Earbuds,59000.0,1,Card,59000.0,2026-03
5150,1003,2026-05-31,Fashion,Winter Jacket,159000.0,1,KakaoPay,159000.0,2026-05
5225,1036,2026-08-02,Electronics,Smart Watch,189000.0,3,KakaoPay,567000.0,2026-08
5248,1044,2026-05-14,Home & Kitchen,Air Fryer,99000.0,1,Card,99000.0,2026-05
5279,1029,2026-07-16,Fashion,Backpack,49000.0,2,Bank Transfer,98000.0,2026-07
5152,1005,2026-05-06,Home & Kitchen,Air Fryer,99000.0,4,Card,396000.0,2026-05
5234,1013,2026-08-01,Electronics,Wireless Earbuds,59000.0,2,Card,118000.0,2026-08
5011,9999,2026-05-05,Beauty,Hand Cream,12000.0,2,Card,24000.0,2026-05
5072,1036,2026-03-05,Beauty,Hand Cream,12000.0,1,Bank Transfer,12000.0,2026-03
5253,1047,2026-04-14,Fashion,Running Shoes,89000.0,2,Card,178000.0,2026-04
5093,1026,2026-08-25,Beauty,Sunscreen,22000.0,3,Bank Transfer,66000.0,2026-08
5193,1030,2026-04-24,Home & Kitchen,Water Bottle,18000.0,1,Bank Transfer,18000.0,2026-04
5258,1030,2026-04-11,Electronics,Phone Charger,25000.0,3,Bank Transfer,75000.0,2026-04
5214,1037,2026-07-12,Electronics,Smart Watch,189000.0,2,Bank Transfer,378000.0,2026-07
5196,1009,2026-05-10,Fashion,Winter Jacket,159000.0,1,KakaoPay,159000.0,2026-05
5138,1005,2026-06-21,Electronics,Phone Charger,25000.0,3,Bank Transfer,75000.0,2026-06
5261,1046,2026-04-14,Home & Kitchen,Air Fryer,99000.0,3,KakaoPay,297000.0,2026-04
5039,1043,2026-05-23,Fashion,Running Shoes,89000.0,1,Bank Transfer,89000.0,2026-05
5202,1049,2026-04-21,Fashion,Backpack,49000.0,3,Bank Transfer,147000.0,2026-04
5190,1019,2026-07-09,Fashion,Running Shoes,89000.0,3,KakaoPay,267000.0,2026-07
5252,1035,2026-08-03,Beauty,Face Serum,45000.0,2,Card,90000.0,2026-08
5113,1037,2026-06-20,Fashion,Running Shoes,89000.0,3,Card,267000.0,2026-06
5184,1024,2026-05-26,Electronics,Phone Charger,25000.0,4,Unknown,100000.0,2026-05
5153,1023,2026-06-15,Home & Kitchen,Water Bottle,18000.0,3,Bank Transfer,54000.0,2026-06
5192,1043,2026-07-03,Fashion,Backpack,49000.0,2,KakaoPay,98000.0,2026-07
5045,1018,2026-05-20,Beauty,Face Serum,45000.0,3,KakaoPay,135000.0,2026-05
5276,1030,2026-03-10,Electronics,Wireless Earbuds,59000.0,1,Card,59000.0,2026-03
5007,1032,2026-04-19,Beauty,Hand Cream,12000.0,1,Bank Transfer,12000.0,2026-04
5251,1017,2026-04-11,Fashion,Running Shoes,89000.0,3,Card,267000.0,2026-04
5076,1002,2026-05-29,Beauty,Hand Cream,12000.0,3,KakaoPay,36000.0,2026-05
5001,1022,2026-06-26,Electronics,Smart Watch,189000.0,2,Bank Transfer,378000.0,2026-06
5069,1012,2026-04-01,Beauty,Sunscreen,22000.0,2,Card,44000.0,2026-04
5168,1047,2026-03-24,Fashion,Backpack,49000.0,4,Unknown,196000.0,2026-03
5219,1018,2026-06-03,Home & Kitchen,Water Bottle,18000.0,4,Bank Transfer,72000.0,2026-06
5043,1008,2026-06-27,Electronics,Wireless Earbuds,59000.0,3,Card,177000.0,2026-06
5073,1007,2026-05-18,Beauty,Sunscreen,22000.0,2,Bank Transfer,44000.0,2026-05
5024,1011,2026-08-24,Home & Kitchen,Rice Cooker,129000.0,2,KakaoPay,258000.0,2026-08
5186,1015,2026-04-04,Fashion,Running Shoes,89000.0,1,KakaoPay,89000.0,2026-04
5104,1024,2026-05-18,Electronics,Wireless Earbuds,59000.0,1,KakaoPay,59000.0,2026-05
5212,1003,2026-08-19,Electronics,Phone Charger,25000.0,2,Card,50000.0,2026-08
5068,1026,2026-05-29,Home & Kitchen,Water Bottle,18000.0,2,Card,36000.0,2026-05
5026,1015,2026-08-13,Beauty,Sunscreen,22000.0,2,KakaoPay,44000.0,2026-08
5197,1002,2026-04-16,Home & Kitchen,Air Fryer,99000.0,3,Bank Transfer,297000.0,2026-04
5176,1048,2026-05-30,Fashion,Winter Jacket,159000.0,1,Bank Transfer,159000.0,2026-05
